Symbol,Name,Formula,group,V0,Vm,Vm_Ref
Ac(OH)3(ag),_rdc_Ac(OH)3(aged),Ac(OH)3,hydroxide,46.56,46.56,Am(OH)3(cr)
Ac(OH)3(fr),_rdc_Ac(OH)3(fresh),Ac(OH)3,hydroxide,46.56,46.56,Am(OH)3(cr)
Ac2(Oxa)3(s),_rdc_Ac2(Oxa)3(s),Ac2(Oxa)3,organic,267.93,267.93,Ac2(C2O4)3·10H2O
Ag(cr),Ag(cr),Ag,native,10.27,10.27,(Robie and Hemingway* 1995)
Ag2CO3(cr),_rdc_Ag2CO3(cr),Ag2CO3,carbonate,45.38,45.38,(Haynes* 2016)
Ag2O(am),_rdc_Ag2O(am),Ag2O,oxide,34.18,34.18,materialsproject.org
Ag2O(cr),_rdc_Ag2O(cr),Ag2O,oxide,34.18,34.18,materialsproject.org
Ag2S(cr),_rdc_Ag2S(cr),Ag2S,sulphide,34.19,34.19,(Robie and Hemingway* 1995)
Ag2Se(alpha),Ag2Se(alpha),Ag2Se,selenide,36.34,36.34,materialsproject.org
Ag2SeO3(cr),_rdc_Ag2SeO3(cr),Ag2SeO3,selenate,57.12,57.12,materialsproject.org
Ag2SeO4(cr),_rdc_Ag2SeO4(cr),Ag2SeO4,selenate,62.17,62.17,materialsproject.org
Ag2SO4(s),_rdc_Ag2SO4(s),Ag2SO4,sulphate,57.42,57.42,materialsproject.org
Ag3PO4(s),_rdc_Ag3PO4(s),Ag3PO4,phosphate,65.5,65.5,materialsproject.org
AgBr(cr),_rdc_AgBr(cr),AgBr,bromide,28.99,28.99,(Robie and Hemingway* 1995)
AgCl(cr),_rdc_AgCl(cr),AgCl,chloride,25.73,25.73,(Robie and Hemingway* 1995)
AgCN(s),_rdc_AgCN(s),AgCN,cianide,43.19,43.19,materialsproject.org
AgI(cr),_rdc_AgI(cr),AgI,iodine,41.3,41.3,(Robie and Hemingway* 1995)
AgSeCN(cr),_rdc_AgSeCN(cr),AgSeCN,selenide-cianide,56.82,56.82,(Huttner and Knappe* 1930)
Al(OH)3(cr),_rdc_Gibbsite,Al(OH)3,hydroxide,31.96,31.96,(Robie and Hemingway* 1995)
Al2Si2O5(OH)4(cr),_rdc_Kaolinite,Al2Si2O5(OH)4,silicate-hydroxide,99.34,99.34,(Robie and Hemingway* 1995)
AlOOH(cr),_rdc_Boehmite,AlOOH,hydroxide,19.54,19.54,(Robie and Hemingway* 1995)
Am(OH)3(am),_rdc_Am(OH)3(am),Am(OH)3,hydroxide,46.56,46.56,rdc_Am(OH)3(cr)
Am(OH)3(cr),_rdc_Am(OH)3(cr),Am(OH)3,hydroxide,46.56,46.56,(Milligan et al.* 1968)
Am2(CO3)3(am_hyd),_rdc_Am2(CO3)3(am_hyd),Am2(CO3)3,carbonate,168.07,168.07,La2(CO3)3 ⋅ 5H2O
AmO2OH(am),_rdc_AmO2OH(am),AmO2OH,hydroxide,NA,,NA
AmOHCO3(am_hyd),_rdc_AmOHCO3(am_hyd),AmOHCO3,hydroxide-carbonate,88.96,88.96,EuOHCO3
AmOHCO3w0.5(cr),_rdc_AmOHCO3:0.5H2O(cr),AmOHCO3(H2O)0.5,hydroxide-carbonate,91.47,91.47,AmOHCO3
As(cr),_rdc_As(cr),As,native,12.96,12.96,(Robie and Hemingway* 1995)
B(cr),_rdc_B(cr),B,native,4.39,4.39,(Robie and Hemingway* 1995)
B(OH)3(cr),_rdc_B(OH)3(cr),B(OH)3,hydroxide,43.09,43.09,(Robie and Hemingway* 1995)
B2O3(am),_rdc_B2O3(am),B2O3,oxide,27.26,27.26,(Robie and Hemingway* 1995)
B2O3(cr),_rdc_B2O3(cr),B2O3,oxide,27.26,27.26,(Robie and Hemingway* 1995)
Ba[(UO2)(AsO4)]2w7(cr),_rdc_Ba[(UO2)(AsO4)]2:7H2O(cr),Ba[(UO2)(AsO4)]2(H2O)7,arsenate,270.33,270.33,(Locock et al.* 2005)
Ba[(UO2)(PO4)]2w(cr),_rdc_Meta-uranocircite_II,Ba[(UO2)(PO4)]2(H2O)6,phosphate,251.66,251.66,(Locock et al.* 2005)
Ba3(PO4)2(s),_rdc_Ba3(PO4)2(s),Ba3(PO4)2,phosphate,116.43,116.43,materialsproject.org
BaCO3(cr),_rdc_Witherite,BaCO3,carbonate,45.81,45.81,(Robie and Hemingway* 1995)
BaHPO4(cr),_rdc_BaHPO4(cr),BaHPO4,phosphate,58.47,58.47,materialsproject.org
BaSeO3(cr),_rdc_BaSeO3(cr),BaSeO3,selenate,53.18,53.18,materialsproject.org
BaSeO4(cr),_rdc_BaSeO4(cr),BaSeO4,selenate,57.67,57.67,materialsproject.org
BaSO4(cr),_rdc_Barite,BaSO4,sulphate,52.1,52.1,(Robie and Hemingway* 1995)
C(cr),_rdc_Graphite,C,native,5.3,5.3,(Robie and Hemingway* 1995)
Ca(H3Isa)2(cr),_rdc_Ca(H3Isa)2(cr),Ca(H3Isa)2,organic,NA,,NA
Ca(OH)2(cr),_rdc_Portlandite,Ca(OH)2,hydroxide,33.06,33.06,(Robie and Hemingway* 1995)
Ca(Oxa)w1(cr),_rdc_Whewellite,Ca(Oxa)(H2O),organic,65.82,65.82,mindat.org
Ca(Oxa)w2(cr),_rdc_Weddelite,Ca(Oxa)(H2O)2,organic,83.65,83.65,mindat.org
Ca(Oxa)w3(cr),_rdc_Ca(Oxa):3H2O(cr),Ca(Oxa)(H2O)3,organic,97.93,97.93,materials.springer.org
Ca[(UO2)(AsO4)]2w10(cr),_rdc_Ca[(UO2)(AsO4)]2:10H2O(cr),Ca[(UO2)(AsO4)]2(H2O)10,arsenate,262.82,262.82,Metauranospinite* mindat.org
Ca[(UO2)(PO4)]2w6(cr),_rdc_Meta-autunite,Ca[(UO2)(PO4)]2(H2O)6,phosphate,247.37,247.37,mindat.org
Ca(UO2)2(SiO3OH)2w5(cr),_rdc_Uranophane,Ca[(UO2)(SiO3OH)]2(H2O)5,silicate-hydroxide,278.05,278.05,(Plášil et al.* 2013)
Beidellite(Ca),Beidellite(Ca),Ca0.17Al2.34Si3.66O10(OH)2,silicate-clay,134.1,134.1,(Blanc et al.* 2015a) 
Nontronite(Ca),Nontronite(Ca),Ca0.17Fe1.67Al0.67Si3.66O10(OH)2,silicate-clay,133.74,133.74,(Blanc et al.* 2015a)
Montmorillonite(MgCa),Montmorillonite(MgCa),Ca0.17Mg0.34Al1.66Si4O10(OH)2,silicate-clay,135.58,135.58,(Blanc et al.* 2015a) 
Saponite(FeCa),Saponite(FeCa),Ca0.17Mg2FeAl0.34Si3.66O10(OH)2,silicate-clay,145.15,145.15,(Blanc et al.* 2015a) 
Saponite(Ca),Saponite(Ca),Ca0.17Mg3Al0.34Si3.66O10(OH)2,silicate-clay,142.57,142.57,(Blanc et al.* 2015a) 
Beidellite_SBld-1,Beidellite_SBld-1,Ca0.185K0.104(Si3.574Al0.426)(Al1.812Mg0.09Fe0.112)O10(OH)2,silicate-clay,137.98,137.98,(Gailhanou et al.* 2012)
Nontronite_Nau-1,Nontronite_Nau-1,Ca0.247K0.02(Si3.458Al0.542)(Fe1.688Al0.276Mg0.068)O10(OH)2,silicate-clay,136.38,136.38,(Gailhanou et al.* 2013)
Mordenite-Ca,Mordenite-Ca,Ca0.34Al0.68Si5.32O12(H2O)2.9,silicate-zeolite,209.8,209.8,(Robie and Hemingway* 1995)
Montmorillonite(HcCa),Montmorillonite(HcCa),Ca0.3Mg0.6Al1.4Si4O10(OH)2,silicate-clay,140.32,140.32,(Blanc et al.* 2015a) 
Vermiculite(Ca),Vermiculite(Ca),Ca0.43Mg3Al0.86Si3.14O10(OH)2,silicate-clay,149.8,149.8,(Blanc et al.* 2015a) 
Vermiculite_SO,Vermiculite_SO,Ca0.445(Si2.778Al1.222)(Al0.192Mg2.468Fe0.254Ti0.018Mn0.007)O10(OH)2,silicate-clay,148.36,148.36,(Gailhanou et al.* 2013)
Clinoptilolite,Clinoptilolite,Ca0.52Al1.04Si4.96O12(H2O)3.1,silicate-zeolite,200.02,200.02,webmineral.com
Ca0.5NpO2(OH)2w1.3(cr),_rdc_Ca0.5NpO2(OH)2:1.3H2O(cr),Ca0.5NpO2(OH)2(H2O)1.3,hydroxide,242.66,242.66,Na0.5[NpO2(OH)1.5]·0.5H2* (Fellhauer et al.* 2022)
Heulandite_1,Heulandite_1,Ca1.07Al2.14Si6.86O18(H2O)4.4,silicate-zeolite,317.6,317.6,(Robie and Hemingway* 1995)
Heulandite_2,Heulandite_2,Ca1.07Al2.14Si6.86O18(H2O)4.5,silicate-zeolite,317.6,317.6,Heulandite_1
Stilbite,Stilbite,Ca1.11Al2.22Si6.78O18(H2O)6.8,silicate-zeolite,333.4,333.4,(Robie and Hemingway* 1995)
Ca3(Cit)2w4(cr),_rdc_Ca3(Cit)2:4H2O(cr),Ca3(Cit)2(H2O)4,oxide,285.25,285.25,(Herdtweck et al.* 2011)
Ca3(PO4)2(cr),_rdc_Tuite,Ca3(PO4)2,phosphate,97.62,97.62,(Robie and Hemingway* 1995)
Ca3B2O6(s),_rdc_Ca3B2O6(s),Ca3B2O6,borate,76.24,76.24,Takedaite* (Kusachi et al.* 1995)
Ca4Al2O6(CrO4):15H2O(s),_rdc_Ca4Al2O6(CrO4):15H2O(s),Ca4Al2O6(CrO4)(H2O)15,chromate,393.47,393.47,(Moore and Taylor* 1970)
Ca4H(PO4)3w2.5(s),_rdc_Ca4H(PO4)3:2.5H2O(s),Ca4H(PO4)3(H2O)2.5,phosphate,182.63,182.63,(Xu et al.* 2022)
Ca5(PO4)3Cl(cr),_rdc_Cl-apatite,Ca5(PO4)3Cl,phosphate-chloride,163.88,163.88,(Naumov et al.* 1974)
Ca5(PO4)3F(cr),_rdc_F-apatite,Ca5(PO4)3F,phosphate-fluoride,157.56,157.56,(Robie and Hemingway* 1995)
Ca5(PO4)3OH(cr),_rdc_OH-apatite,Ca5(PO4)3OH,hydroxide-phosphate,159.6,159.6,(Robie and Hemingway* 1995)
Ca6(Al(OH)6)2(CrO4)3:26H2O(s),_rdc_Ca6(Al(OH)6)2(CrO4)3:26H2O(s),Ca6(Al(OH)6)2(CrO4)3(H2O)26,chromate,742.83,742.83,(Moore and Taylor* 1970)
Low-silica_P-Ca,Low-silica_P-Ca,CaAl2Si2O8(H2O)4.5,silicate-zeolite,124.75,124.75,materialsproject.org
Scolecite,Scolecite,CaAl2Si3O10(H2O)3,silicate-zeolite,172.3,172.3,(Robie and Hemingway* 1995)
Chabazite-Ca,Chabazite-Ca,CaAl2Si4O12(H2O)6,silicate-zeolite,251.16,251.16,(Coombs et al.* 1997)
CaB2O4(s),_rdc_CaB2O4(s),CaB2O4,borate,43.65,43.65,Calciborite* rruff.geo.arizona.edu
CaB4O7(s),_rdc_CaB4O7(s),CaB4O7,borate,71.55,71.55,materialsproject.org
CaCO3(aragonite),_rdc_Aragonite,CaCO3,carbonate,34.15,34.15,(Robie and Hemingway* 1995)
CaCO3(calcite),_rdc_Calcite,CaCO3,carbonate,36.93,36.93,(Robie and Hemingway* 1995)
CaCO3(vaterite),_rdc_Vaterite,CaCO3,carbonate,37.63,37.63,(Robie and Hemingway* 1995)
CaCrO4(s),_rdc_CaCrO4(s),CaCrO4,cromate,49.7,49.7,(Roberts et al.* 1990)
CaF2(cr),_rdc_Fluorite,CaF2,fluoride,24.54,24.54,(Robie and Hemingway* 1995)
CaHK3(PO4)2(cr),_rdc_CaHK3(PO4)2(cr),CaHK3(PO4)2,phosphate,130.95,130.95,materialsproject.org
CaHPO4(cr),_rdc_Monetite,CaHPO4,phosphate,46.45,46.45,(Nriagu* 1984)
CaHPO4w2(cr),_rdc_Brushite,CaHPO4(H2O)2,phosphate,73.92,73.92,(Nriagu* 1984)
CaMg(CO3)2(cr),CaMg(CO3)2(cr),CaMg(CO3)2,carbonate,64.34,64.34,(Robie and Hemingway* 1995)
CaMoO4(cr),_rdc_Powellite,CaMoO4,molibdanate,47,47,(Robie and Hemingway* 1995)
CaNpO2(OH)2.6Cl0.4w2(cr),_rdc_CaNpO2(OH)2.6Cl0.4:2H2O(cr),CaNpO2(OH)2.6Cl0.4(H2O)2,hydroxide-chloride,282.6,282.6,Ca0.5NpO2(OH)2:1.3H2O(cr)
CaSeO3w1(cr),_rdc_CaSeO3:H2O(cr),CaSeO3(H2O),selenate,58.16,58.16,Burtite* (Valkonen et al.* 1985)
CaSn(OH)6(pr),_rdc_CaSn(OH)6(pr),CaSn(OH)6,selenate,81,81,mindat.org
CaSO4(cr),_rdc_Anhydrite,CaSO4,sulphate,46.01,46.01,(Robie and Hemingway* 1995)
CaSO4w2(cr),_rdc_Gypsum,CaSO4(H2O)2,sulphate,74.69,74.69,(Robie and Hemingway* 1995)
CaU6O19w11(cr),_rdc_Becquerelite,CaU6O19(H2O)11,oxide,386.35,386.35,mindat.org
Cd(OH)2(s),_rdc_Cd(OH)2(s),Cd(OH)2,hydroxide,29.67,29.67,(Mercury et al.* 2001)
Cd[(UO2)(AsO4)]2w8(cr),_rdc_Cd[(UO2)(AsO4)]2:8H2O(cr),Cd[(UO2)(AsO4)]2(H2O)8,arsenate,282.74,282.74,0
Cd[(UO2)(PO4)]2w10(cr),_rdc_Cd[(UO2)(PO4)]2:10H2O(cr),Cd[(UO2)(PO4)]2(H2O)10,phosphate,292.16,292.16,0
Cd3(PO4)2(s),_rdc_Cd3(PO4)2(s),Cd3(PO4)2,phosphate,109.05,109.05,Pb3(PO4)2
Cd5H2(PO4)4w4(s),_rdc_Cd5H2(PO4)4:4H2O(s),Cd5H2(PO4)4(H2O)4,phosphate,248.42,248.42,Cd5(PO5)4* materialsproject.org
CdB2O4(s),_rdc_CdB2O4(s),CdB2O4,borate,38.16,38.16,materialsproject.org
CdCO3(cr),_rdc_Otavite,CdCO3,carbonate,34.3,34.3,(Robie and Hemingway* 1995)
CdS(s),_rdc_CdS(s),CdS,sulphide,29.93,29.93,(Robie and Hemingway* 1995)
Cr(cr),_rdc_Cr(cr),Cr,native,7.23,7.23,(Robie and Hemingway* 1995)
Cr(OH)2(cr),_rdc_Cr(OH)2(cr),Cr(OH)2,hydroxide,NA,,NA
Cr(OH)2(H2PO4)(s),_rdc_Cr(OH)2(H2PO4)(s),Cr(OH)2(H2PO4),hydroxide-phosphate,79.57,79.57,CrP(HO)5* materialsproject.org
Cr(OH)3(cr),_rdc_Cr(OH)3(cr),Cr(OH)3,hydroxide,NA,,NA
Cr2(SO4)3(s),_rdc_Cr2(SO4)3(s),Cr2(SO4)3,sulphate,130.21,130.21,(Pankratz* 1994)
Cr2O3(cr),_rdc_Cr2O3(cr),Cr2O3,oxide,29.09,29.09,(Robie and Hemingway* 1995)
Cr2S3(s),_rdc_Cr2S3(s),Cr2S3,sulphide,53.24,53.24,materialsproject.org
CrCl2(cr),_rdc_CrCl2(cr),CrCl2,chloride,42.7,42.7,(Pankratz* 1984)
CrCl3(cr),_rdc_CrCl3(cr),CrCl3,chloride,57.37,57.37,(Pankratz* 1984)
CrO2(cr),_rdc_CrO2(cr),CrO2,oxide,16.95,16.95,(Wolery* 1992)
CrO3(cr),_rdc_CrO3(cr),CrO3,oxide,35.14,35.14,(Wolery* 1992)
CrPO4(green),_rdc_CrPO4(green),CrPO4,phosphate,42.6,42.6,materialsproject.org
CrPO4(purple),_rdc_CrPO4(purple),CrPO4,phosphate,42.6,42.6,CrPO4(green)
CrS(s),_rdc_CrS(s),CrS,sulphide,52.04,52.04,materialsproject.org
Cs(UO2)(AsO4)w2.5(cr),_rdc_Cs(UO2)(AsO4):2.5H2O(cr),Cs(UO2)(AsO4)(H2O)2.5,arsenate,134.86,134.86,Rb(UO2)(AsO4)(H2O)2.5* (Locock et al.* 2004)
Cs(UO2)(BO3)w1(cr),_rdc_Cs(UO2)(BO3):H2O(cr),Cs(UO2)(BO3)(H2O),borate,90.25,90.25,Li[(UO2)(BO3)]·(H2O)* (Hao et al.* 2020)
Cs(UO2)(PO4)w2.5(cr),_rdc_Cs(UO2)(PO4):2.5H2O(cr),Cs(UO2)(PO4)(H2O)2.5,phosphate,130.4,130.4,Rb(UO2)(PO4)(H2O)2.5* (Locock et al.* 2004)
Cu(cr),_rdc_Cu(cr),Cu,native,7.11,7.11,(Robie and Hemingway* 1995)
Cu(OH)2(s),_rdc_Cu(OH)2(s),Cu(OH)2,hydroxide,28.97,28.97,(Pankratz et al.* 1984)
Cu[(UO2)(AsO4)]2w8(cr),_rdc_Metazeunerite,Cu[(UO2)(AsO4)]2(H2O)8,arsenate,265,265,(Locock and Burns* 2003)
Cu[(UO2)(PO4)]2w8(cr),_rdc_Cu[(UO2)(PO4)]2:8H2O(cr),Cu[(UO2)(PO4)]2(H2O)8,phosphate,254.11,254.11,(Locock and Burns* 2003)
Cu2CO3(OH)2(cr),_rdc_malachite,Cu2CO3(OH)2,hydroxide-carbonate,54.86,54.86,(Robie and Hemingway* 1995)
Cu2O(cr),_rdc_cuprite,Cu2O,oxide,23.44,23.44,(Robie and Hemingway* 1995)
Cu2S(cr),_rdc_chalcotite,Cu2S,sulphide,27.48,27.48,(Robie and Hemingway* 1995)
Cu3(CO3)2(OH)2(cr),_rdc_azurite,Cu3(CO3)2(OH)2,hydroxide-carbonate,91.01,91.01,(Robie and Hemingway* 1995)
CuCl(s),_rdc_CuCl(s),CuCl,chloride,23.92,23.92,(Robie and Hemingway* 1995)
CuO(cr),_rdc_tenorite,CuO,oxide,12.22,12.22,(Robie and Hemingway* 1995)
CuS(cr),_rdc_covellite,CuS,sulphide,20.42,20.42,(Robie and Hemingway* 1995)
Eu(OH)3(am),_rdc_Eu(OH)3(am),Eu(OH)3,hydroxide,46.56,46.56,Am(OH)3(cr)
Eu(OH)3(cr),_rdc_Eu(OH)3(cr),Eu(OH)3,hydroxide,46.56,46.56,Am(OH)3(cr)
Eu2(CO3)3(cr),_rdc_Eu2(CO3)3(cr),Eu2(CO3)3,carbonate,168.07,168.07,La2(CO3)3 ⋅ 5H2O* (Çiftçi et al.* 2022) 
EuF3(cr),_rdc_EuF3(cr),EuF3,fluoride,30.5,30.5,materialsproject.org
EuOHCO3(cr),_rdc_EuOHCO3(cr),EuOHCO3,hydroxide-carbonate,88.96,88.96,(Michiba et al.* 2011)
EuPO4w0.667(cr),_rdc_Eu-rhabdophane,EuPO4(H2O)0.667,phosphate,53.96,53.96,SmPO4w0.667(cr)
Fe(alpha),Fe(alpha),Fe,native,7.04,7.04,(Fabrichnaya et al.* 2004)
Fe(OH)2(s),"_rdc_""""""white rust""""""",Fe(OH)2,hydroxide,24.48,24.48,(Mercury et al.* 2001)
Fe(OH)3(mic),_rdc_2-line ferrihydrite,Fe(OH)3,hydroxide,34.36,34.36,(Wolery* 1992)
Fe[(UO2)(AsO4)]2w8(cr),_rdc_Metakahlerite,Fe[(UO2)(AsO4)]2(H2O)8,arsenate,265.76,265.76,Metakahlerite*  rruff.info
Fe0.875S(cr),_rdc_4C pyrrhotite,Fe0.875S,sulphide,17.49,17.49,(Robie and Hemingway* 1995)
Fe0.875Se(cr),_rdc_Fe0.875Se(cr),Fe0.875Se,selenide,25.88,25.88,Tetragonal* materialsproject.org
Fe0.9S(cr),_rdc_5C pyrrhotite,Fe0.9S,sulphide,16.88,16.88,(Robie and Hemingway* 1995)
Fe1.042Se(cr),_rdc_Fe1.042Se(cr),Fe1.042Se,selenide,27.76,27.76,Fe1.042Se(cr)
Fe2(SeO3)3w3(cr),_rdc_Fe2(SeO3)3:3H2O(cr),Fe2(SeO3)3(H2O)3,selenate,242.51,242.51,Fe2(SO4)3·7H2O* mindat.org
Berthierine(FeIII),Berthierine(FeIII),Fe2.67Al0.33(Si1.34Al0.66)O5(OH)4,silicate-clay,103.27,103.27,(Blanc et al.* 2015a) 
Berthierine(FeII),Berthierine(FeII),Fe2Al(SiAl)O5(OH)4,silicate-clay,103.86,103.86,(Blanc et al.* 2015a) 
Fe2Cl(OH)3(beta),_rdc_Fe-hibbingite,Fe2Cl(OH)3,hydroxide-chloride,65.19,65.19,mindat.org
Fe2O3(alpha),_rdc_hematite,Fe2O3,oxide,30.27,30.27,(Robie and Hemingway* 1995)
Fe2O3(gamma),_rdc_maghemite,Fe2O3,oxide,29.087,29.087,(Wyckoff* 1963)
Fe3(PO4)2w8(cr),_rdc_vivianite,Fe3(PO4)2(H2O)8,phosphate,185.1,185.1,(Wyckoff* 1963)
Cronstedtite,Cronstedtite,Fe3(SiFe)O5(OH)4,silicate-clay,370.63,370.63,(Blanc et al.* 2015a)
Fe3O4(cr),_rdc_magnetite,Fe3O4,oxide,44.52,44.52,(Robie and Hemingway* 1995)
Fe3S4(cr),_rdc_greigite,Fe3S4,sulphide,72.52,72.52,mindat.org
Fe3Se4(gamma),_rdc_Fe3Se4(gamma),Fe3Se4,selenide,69.05,69.05,Monoclinic* materialsproject.org
Fe4(OH)8Clwn(s),"_rdc_""Fe4(OH)8Cl:nH2O(s) """"chloride green rust one""""""",Fe4(OH)8Cl,hydroxide-chloride,187.15,187.15,Iowaite Mg6Fe3+2(OH)16Cl2·4H2O* mindat.org
Fe6(OH)12CO3wn(s),"_rdc_""Fe6(OH)12CO3:nH2O(s) """"carbonate green rust one""""""",Fe6(OH)12CO3,hydroxide-carbonate,281.3,281.3,Mg6Mn3(OH)16[CO3]·4H2O* Desautelsite* mindat.org
Fe6(OH)12SO4wn(s),"_rdc_""Fe6(OH)12SO4:nH2O(s) """"sulfate green rust two""""""",Fe6(OH)12SO4,hydroxide-sulphate,286.14,286.14,Fe6(OH)12SO4(H2O)8* (Simon et al.* 2003)
FeCO3(cr),_rdc_siderite,FeCO3,carbonate,29.38,29.38,(Robie and Hemingway* 1995)
Chromite,_rdc_Chromite,FeCr2O4,cromate,44.01,44.01,(Robie and Hemingway* 1995)
FeOOH(alpha),_rdc_goethite,FeOOH,hydroxide,20.82,20.82,(Robie and Hemingway* 1995)
FeOOH(gamma),_rdc_lepidocrocite,FeOOH,hydroxide,22.213,22.213,(Wyckoff* 1963)
FePO4(cr),_rdc_rodolicoite,FePO4,phosphate,64.5,64.5,(Robie and Hemingway* 1995)
FePO4w2(s),_rdc_FePO4:2H2O(s),FePO4(H2O),phosphate,64.5,82.57,(Robie and Hemingway* 1995)
FeS(mackinawite),_rdc_mackinawite,FeS,sulphide,21.082,21.082,(Wyckoff* 1963)
FeS(troilite),_rdc_troilite,FeS,sulphide,18.2,18.2,(Robie and Hemingway* 1995)
FeS2(marcasite),_rdc_marcasite,FeS2,sulphide,24.58,24.58,(Robie and Hemingway* 1995)
FeS2(pyrite),_rdc_pyrite,FeS2,sulphide,23.94,23.94,(Robie and Hemingway* 1995)
FeSe2(cr),_rdc_ferroselite,FeSe2,selenide,29.94,29.94,mindat.org
H4Edta(cr),_rdc_H4Edta(cr),H4Edta,organic,339.82,339.82,0
HAl[(UO2)(PO4)]4w16(cr),_rdc_Sabugalite,HAl(UO2)4(PO4)4(H2O)16,phosphate,680.55,680.55,(Locock et al.* 2005) 
Hg2Cl2(cr),Hg2Cl2(cr),Hg2Cl2,chloride,32.94,32.94,(Robie and Hemingway* 1995)
(HgOH)3PO4(s),_rdc_(HgOH)3PO4(s),Hg3(OH)3PO4,hydroxide-phosphate,NA,,NA
Hg3(PO4)2(s),_rdc_Hg3(PO4)2(s),Hg3(PO4)2,phosphate,NA,,NA
HgCO3(HgO)2(s),_rdc_HgCO3(HgO)2(s),HgCO3(HgO)2,carbonate,NA,,NA
HgHPO4(s),_rdc_HgHPO4(s),HgHPO4,phosphate,48.94,48.94,(Dubler et al.* 1981)
HgO(cr),HgO(cr),HgO,oxide,19.32,19.32,(Robie and Hemingway* 1995)
HgS(s),_rdc_HgS(s),HgS,sulphide,28.42,28.42,(Robie and Hemingway* 1995)
Ho(OH)3(cr),_rdc_Ho(OH)3(cr),Ho(OH)3,hydroxide,46.56,46.56,Am(OH)3(cr)
Ho2(CO3)3(cr),_rdc_Ho2(CO3)3(cr),Ho2(CO3)3,carbonate,168.07,168.07,La2(CO3)3 ⋅ 5H2O
HoF3(cr),_rdc_HoF3(cr),HoF3,fluoride,28.13,28.13,materialsproject.org
HoOHCO3(cr),_rdc_HoOHCO3(cr),HoOHCO3,hydroxide-carbonate,40.19,40.19,(Michiba et al.* 2011) 
HoPO4(s),_rdc_HoPO4(s),HoPO4,phosphate,42.33,42.33,materialsproject.org
K(UO2)(AsO4)w3(cr),_rdc_K(UO2)(AsO4):3H2O(cr),K(UO2)(AsO4)(H2O)3,arsenate,138.16,138.16,Abernathyite* (Locock et al.* 2004)
K(UO2)(BO3)w1(cr),_rdc_K(UO2)(BO3):H2O(cr),K(UO2)(BO3)(H2O),borate,133.79,133.79,average P* As
K(UO2)(PO4)w3(cr),_rdc_K(UO2)(PO4):3H2O(cr),K(UO2)(PO4)(H2O)3,phosphate,129.42,129.42,Meta-ankoleite* (Fitch and Cole* 1991)
K(UO2)(SiO3OH)w1(cr),_rdc_Boltwoodite,K(UO2)(SiO3OH)(H2O),silicate-hydroxide,101.51,101.51,(Plášil* 1999)
Beidellite(K),Beidellite(K),K0.34Al2.34Si3.66O10(OH)2,silicate-clay,133.22,133.22,(Blanc et al.* 2015a) 
Nontronite(K),Nontronite(K),K0.34Fe1.67Al0.67Si3.66O10(OH),silicate-clay,132.85,132.85,(Blanc et al.* 2015a) 
Montmorillonite(MgK),Montmorillonite(MgK),K0.34Mg0.34Al1.66Si4O10(OH)2,silicate-clay,134.69,134.69,(Blanc et al.* 2015a) 
Saponite(FeK),Saponite(FeK),K0.34Mg2FeAl0.34Si3.66O10(OH),silicate-clay,144.27,144.27,(Blanc et al.* 2015a) 
Saponite(K),Saponite(K),K0.34Mg3Al0.34Si3.66O10(OH)2,silicate-clay,144.27,144.27,(Blanc et al.* 2015a) 
Montmorillonite(HcK),Montmorillonite(HcK),K0.6Mg0.6Al1.4Si4O10(OH)2,silicate-clay,138.75,138.75,(Blanc et al.* 2015a) 
Glauconite,Glauconite,K0.75(Mg0.25Fe1.5Al0.25)(Al0.25Si3.75)O10(OH),silicate-clay,139.76,139.76,(Blanc et al.* 2015a) 
Illite_IMt-2,Illite_IMt-2,K0.762Na0.044(Si3.387Al0.613)(Al1.427Fe0.376Mg0.241)O10(OH)2,silicate-clay,139.18,139.18,(Gailhanou et al.* 2012)
Illite(Al),Illite(Al),K0.85Al2.85Si3.15O10(OH)2,silicate-clay,138.98,138.98,(Blanc et al.* 2015a) 
Illite(FeII),Illite(FeII),K0.85Fe0.25Al2.35Si3.4O10(OH)2,silicate-clay,140.67,140.67,(Blanc et al.* 2015a) 
Illite(FeIII),Illite(FeIII),K0.85Fe0.25Al2.6Si3.15O10(OH)2,silicate-clay,138.92,138.92,(Blanc et al.* 2015a) 
Illite(Mg),Illite(Mg),K0.85Mg0.25Al2.35Si3.4O10(OH)2,silicate-clay,140.06,140.06,(Blanc et al.* 2015a) 
Vermiculite(K),Vermiculite(K),K0.86Mg3Al0.86Si3.14O10(OH)2,silicate-clay,147.56,147.56,(Blanc et al.* 2015a)
K2U6O19w11(cr),_rdc_Compreignacite,K2U6O19(H2O)11,oxide,391.53,391.53,K2(UO2)6O4(OH)6·7H2O* mindat.org
K3NpO2(CO3)2(s),_rdc_K3NpO2(CO3)2(s),K3NpO2(CO3)2,carbonate,NA,,NA
K4NpO2(CO3)3(s),_rdc_K4NpO2(CO3)3(s),K4NpO2(CO3)3,carbonate,NA,,NA
KFe(CrO4)2:2H2O(s),_rdc_KFe(CrO4)2:2H2O(s),KFe(CrO4)2(H2O)2,oxide,125.26,125.26,(Gravereau and Hardy* 1972) 
KFe3(CrO4)2(OH)6(cr),_rdc_KFe3(CrO4)2(OH)6(cr),KFe3(CrO4)2(OH)6,hydroxide,NA,,NA
KNpO2CO3(s),_rdc_KNpO2CO3(s),KNpO2CO3,carbonate,87.82,87.82,LiNpO2CO3·2H2O* (Charushnikova et al.* 2004) 
Li(UO2)(AsO4)w4(cr),_rdc_Li(UO2)(AsO4):4H2O(cr),Li(UO2)(AsO4)(H2O)4,arsenate,138.16,138.16,K(UO2)(AsO4)w3(cr)
Li(UO2)(BO3)w1.5(cr),_rdc_Li(UO2)(BO3):1.5H2O(cr),Li(UO2)(BO3)(H2O)1.5,borate,92.55,92.55,(Hao et al.* 2020) 
Li(UO2)(PO4)w4(cr),_rdc_Li(UO2)(PO4):4H2O(cr),Li(UO2)(PO4)(H2O)4,phosphate,133.13,133.13,(Locock et al.* 2004) 
Mg(OH)2(s),_rdc_Brucite,Mg(OH)2,hydroxide,24.63,24.63,(Robie and Hemingway* 1995)
Mg(Oxa)w2(cr),_rdc_Glushinskite,Mg(Oxa)(H2O)2,organic,80.19,80.19,mindat.org
Mg[(UO2)(AsO4)]2w10(cr),_rdc_Mg[(UO2)(AsO4)]2:10H2O(cr),Mg[(UO2)(AsO4)]2(H2O)10,arsenate,276.31,276.31,Nováčekite* mindat.org
Mg[(UO2)(PO4)]2w8(cr),_rdc_Meta-saleite,Mg[(UO2)(PO4)]2(H2O)8,phosphate,279.88,279.88,Saleeite* (Miller and Taylor* 1986)
Beidellite(Mg),Beidellite(Mg),Mg0.17Al2.34Si3.66O10(OH)2,silicate-clay,130.11,130.11,(Blanc et al.* 2015a) 
Nontronite(Mg),Nontronite(Mg),Mg0.17Fe1.67Al0.67Si3.66O10(OH)2,silicate-clay,129.74,129.74,(Blanc et al.* 2015a) 
Montmorillonite(MgMg),Montmorillonite(MgMg),Mg0.17Mg0.34Al1.66Si4O10(OH)2,silicate-clay,131.58,131.58,(Blanc et al.* 2015a) 
Saponite(Mg),Saponite(Mg),Mg0.17Mg3Al0.34Si3.66O10(OH)2,silicate-clay,138.58,138.58,(Blanc et al.* 2015a) 
Montmorillonite(HcMg),Montmorillonite(HcMg),Mg0.3Mg0.6Al1.4Si4O10(OH)2,silicate-clay,133.27,133.27,(Blanc et al.* 2015a) 
Vermiculite(Mg),Vermiculite(Mg),Mg0.43Mg3Al0.86Si3.14O10(OH)2,silicate-clay,139.69,139.69,(Blanc et al.* 2015a) 
Saponite(FeMg),Saponite(FeMg),Mg2.17FeAl0.34Si3.66O10(OH)2,silicate-clay,141.16,141.16,(Blanc et al.* 2015a) 
Mg2KH(PO4)2w15(cr),_rdc_Mg2KH(PO4)2:15H2O(cr),Mg2KH(PO4)2(H2O)15,phosphate,303.2,303.2,(Peng et al.* 2022)
Mg3(PO4)2(cr),_rdc_Farringtonite,Mg3(PO4)2,phosphate,95.25,95.25,(Nriagu* 1984)
Mg3(PO4)2w22(cr),_rdc_Cattite,Mg3(PO4)2(H2O)22,phosphate,386.18,386.18,Bobierrite + 14*(Vgypsum-Vanhydrite)/2
Mg3(PO4)2w4(cr),_rdc_Mg3(PO4)2:4H2O(cr),Mg3(PO4)2(H2O)4,phosphate,128.06,128.06,Bobierrite – 3*(Vgypsum-Vanhydrite)/2
Mg3(PO4)2w8(cr),_rdc_Bobierrite,Mg3(PO4)2(H2O)8,phosphate,185.42,185.42,(Nriagu* 1984)
MgCO3(s),_rdc_Magnesite,MgCO3,carbonate,28.02,28.02,(Robie and Hemingway* 1995)
MgCr2O4(s),_rdc_MgCr2O4(s),MgCr2O4,oxide,43.56,43.56,(Robie and Hemingway* 1995)
MgHPO4w3(cr),_rdc_Newberyite,MgHPO4(H2O)3,phosphate,83.02,83.02,(Nriagu* 1984)
MgHPO4w7(cr),_rdc_Phosphorröslerite,MgHPO4(H2O)7,phosphate,160.5,160.5,(Peng et al.* 2022)
MgKPO4w1(cr),_rdc_MgKPO4:H2O(cr),MgKPO4(H2O),phosphate,70.5,70.5,(Peng et al.* 2022)
MgKPO4w6(cr),_rdc_K-struvite,MgKPO4(H2O)6,phosphate,142.5,142.5,(Peng et al.* 2022)
MgSeO3w6(cr),_rdc_MgSeO3:6H2O(cr),MgSeO3(H2O)6,selenate,124.43,124.43,(Andersen et al.* 1984)
Mn(OH)2(cr),_rdc_Pyrochroite,Mn(OH)2,hydroxide,24.63,24.63,(Robie and Hemingway* 1995)
Mn[(UO2)(AsO4)]2w8(cr),_rdc_Mn[(UO2)(AsO4)]2:8H2O(cr),Mn[(UO2)(AsO4)]2(H2O)8,arsenate,269.04,269.04,0
Mn[(UO2)(PO4)]2w10(cr),_rdc_Mn[(UO2)(PO4)]2:10H2O(cr),Mn[(UO2)(PO4)]2(H2O)10,phosphate,256.69,256.69,Lehnerite Mn(UO2)2(PO4)2 8H2O* mindat.org
Mn2O3(cr),Mn2O3(cr),Mn2O3,oxide,31.37,31.37,(Robie and Hemingway* 1995)
Mn3O4(cr),Mn3O4(cr),Mn3O4,oxide,46.95,46.95,(Robie and Hemingway* 1995)
MnCO3(cr),MnCO3(cr),MnCO3,carbonate,31.07,31.07,(Robie and Hemingway* 1995)
MnO(cr),MnO(cr),MnO,oxide,13.22,13.22,(Robie and Hemingway* 1995)
MnO2(cr),MnO2(cr),MnO2,oxide,16.61,16.61,(Robie and Hemingway* 1995)
MnOOH(cr),_rdc_Manganite,MnOOH,hydroxide,20.08,20.08,mindat.org
MnSeO3w2(cr),_rdc_MnSeO3:2H2O(cr),MnSeO3(H2O)2,selenate,66.64,66.64,MnH2SeO5* materialsproject.org
MoO2(cr),MoO2(cr),MoO2,oxide,20.64,20.64,materialsproject.org
MoO3(cr),MoO3(cr),MoO3,oxide,30.56,30.56,(Robie and Hemingway* 1995)
Na(UO2)(AsO4)w3(cr),_rdc_Na(UO2)(AsO4):3H2O(cr),Na(UO2)(AsO4)(H2O)3,arsenate,133.37,133.37,(Locock et al.* 2004)
Na(UO2)(BO3)w1(cr),_rdc_Na(UO2)(BO3):H2O(cr),Na(UO2)(BO3)(H2O),borate,128.98,128.98,average P* As
Na(UO2)(PO4)w3(cr),_rdc_Na(UO2)(PO4):3H2O(cr),Na(UO2)(PO4)(H2O)3,phosphate,124.6,124.6,(Locock et al.* 2004)
Na(UO2)(SiO3OH)w1(cr),_rdc_Na-boltwoodite,Na(UO2)(SiO3OH)(H2O),silicate-hydroxide,98.57,98.57,mindat.org
Beidellite(Na),Beidellite(Na),Na0.34Al2.34Si3.66O10(OH)2,silicate-clay,132.49,132.49,(Blanc et al.* 2015a) 
Nontronite(Na),Nontronite(Na),Na0.34Fe1.67Al0.67Si3.66O10(OH)2,silicate-clay,132.12,132.12,(Blanc et al.* 2015a) 
Montmorillonite(MgNa),Montmorillonite(MgNa),Na0.34Mg0.34Al1.66Si4O10(OH)2,silicate-clay,133.96,133.96,(Blanc et al.* 2015a) 
Saponite(FeNa),Saponite(FeNa),Na0.34Mg2FeAl0.34Si3.66O10(OH)2,silicate-clay,143.54,143.54,(Blanc et al.* 2015a) 
Saponite(Na),Saponite(Na),Na0.34Mg3Al0.34Si3.66O10(OH)2,silicate-clay,143.54,143.54,(Blanc et al.* 2015a) 
Saponite_SapCa-2,Saponite_SapCa-2,Na0.394K0.021Ca0.038)(Si3.569Al0.397)(Mg2.949Fe0.055)O10(OH)2,silicate-clay,141.66,141.66,(Gailhanou et al.* 2013)
Smectite_MX80,Smectite_MX80,Na0.409K0.024Ca0.009(Si3.738Al0.262)(Al1.598Mg0.214Fe0.208)O10(OH)2,silicate-clay,134.92,134.92,(Gailhanou et al.* 2012)
Montmorillonite(HcNa),Montmorillonite(HcNa),Na0.6Mg0.6Al1.4Si4O10(OH)2,silicate-clay,137.47,137.47,(Blanc et al.* 2015a)
Mordenite-Na,Mordenite-Na,Na0.72Al0.72Si5.28O12(H2O)2.71,silicate-zeolite,209.8,209.8,(Robie and Hemingway* 1995)
Vermiculite(Na),Vermiculite(Na),Na0.86Mg3Al0.86Si3.14O10(OH)2,silicate-clay,303,303,(Robie and Hemingway* 1995)
Phillipsite-NaK,Phillipsite-NaK,Na1.5KAl2.5Si5.5O16(H2O)5,silicate-zeolite,138.98,138.98,(Blanc et al.* 2015a)
Linda_type_A,Linda_type_A,Na1.98Al1.98Si2.02O8(H2O)5.31,silicate-zeolite,NA,,NA
Phillipsite-Na,Phillipsite-Na,Na2.5Al2.5Si5.5O16(H2O)5,silicate-zeolite,138.98,138.98,(Blanc et al.* 2015a)
Faujasite-X,Faujasite-X,Na2Al2Si2.5O9(H2O)6.2,silicate-zeolite,228.95,228.95,Faujasite-Y
Low-silica_P-Na,Low-silica_P-Na,Na2Al2Si2O8(H2O)3.8,silicate-zeolite,122.42,122.42,Low-silica_P-Ca
Molecular_sieve_4Å,Molecular_sieve_4Å,Na2Al2Si2O8(H2O)4.5,silicate-zeolite,NA,,NA
Natrolite,Natrolite,Na2Al2Si3O10(H2O)2,silicate-zeolite,169.2,169.2,(Robie and Hemingway* 1995)
Analcime,Analcime,Na2Al2Si4O12(H2O)2,silicate-zeolite,97.4,97.4,(Robie and Hemingway* 1995)
Chabazite-Na,Chabazite-Na,Na2Al2Si4O12(H2O)6,silicate-zeolite,241.68,241.68,webmineral.com
Faujasite-Y,Faujasite-Y,Na2Al2Si4O12(H2O)8,silicate-zeolite,294.84,294.84,webmineral.com
Na2B4O7(cr),_rdc_Na2B4O7(cr),Na2B4O7,borate,87.49,87.49,materialsproject.org
Na2B4O7:10H2O(s),_rdc_Na2B4O7:10H2O(s),Na2B4O7(H2O)10,borate,225.67,225.67,materialsproject.org
Na2Np2O7w0.1(cr),_rdc_Na2Np2O7:0.1H2O(cr),Na2Np2O7(H2O)0.1,oxide,99.04,99.04,Na2U2O7w1(cr)
Na2U2O7w1(cr),_rdc_Na2U2O7:H2O(cr),Na2U2O7(H2O),oxide,101.88,101.88,β-Na2U2O7* (Ijdo et al.* 2015)
Na3NpO2(CO3)2(cr),_rdc_Na3NpO2(CO3)2(cr),Na3NpO2(CO3)2,carbonate,NA,,NA
Na6Th(CO3)5w12(cr),_rdc_Na6Th(CO3)5:12H2O(cr),Na6Th(CO3)5(H2O)12,carbonate,377.11,377.11,materials.springer.com
Na7HNb6O19w15(cr),_rdc_Na7HNb6O19:15H2O(cr),Na7HNb6O19(H2O)15,oxide,NA,,NA
Cancrinite-NO3,Cancrinite-NO3,Na8Al6Si6O24(NO3)2(H2O)4,silicate-zeolite,439.51,439.51,mindat.org
Hydrosodalite,Hydrosodalite,Na8Al6Si6O24(OH)2(H2O)2,silicate-zeolite,388.9,388.9,Cancrinite-NO3
Sodalite,Sodalite,Na8Al6Si6O24Cl2,silicate-zeolite-chloride,417.76,417.76,mindat.org
NaAlCO3(OH)2(cr),_rdc_Dawsonite,NaAlCO3(OH)2,hydroxide-carbonate,59.3,59.3,(Robie and Hemingway* 1995)
NaAm(CO3)2w5(cr),_rdc_NaAm(CO3)2:5H2O(cr),NaAm(CO3)2(H2O)5,carbonate,NA,,NA
NaAmO2CO3(s),_rdc_NaAmO2CO3(s),NaAmO2CO3,carbonate,NA,,NA
NaBO2(s),_rdc_NaBO2(s),NaBO2,borate,25.6,25.6,materialsproject.org
NaNpO2CO3w3.5(cr),_rdc_NaNpO2CO3:3.5H2O(cr),NaNpO2CO3(H2O)3.5,carbonate,118.6,118.6,NaNpO2PO4(H2O)3* (Forbes and Burns* 2007)
Nb2O5(pr),_rdc_Nb2O5(pr),Nb2O5,oxide,61.82,61.82,materialsproject.org
NH4(UO2)(AsO4)w3(cr),_rdc_NH4(UO2)(AsO4):3H2O(cr),NH4(UO2)(AsO4)(H2O)3,arsenate,149.39,149.39,Uramarsite* mindat.org
NH4(UO2)(PO4)w3(cr),_rdc_NH4(UO2)(PO4):3H2O(cr),NH4(UO2)(PO4)(H2O)3,phosphate,118.13,118.13,Urmaphite* mindat.org
Ni(BO2)2(s),_rdc_Ni(BO2)2(s),Ni(BO2)2,borate,32.14,32.14,materialsproject.org
Ni(OH)2(cr),_rdc_Ni(OH)2(cr_beta),Ni(OH)2,hydroxide,23.59,23.59,materials.springer.com
Ni(Oxa)w2(cr),_rdc_Ni(Oxa):2H2O(cr),Ni(Oxa)(H2O)2,organic,83.65,83.65,Ca(Oxa)w2(cr)
Ni[(UO2)(AsO4)]2w10(cr),_rdc_Rauchite,Ni[(UO2)(AsO4)]2(H2O)10,arsenate,277.36,277.36,Metarauchite* mindat.org
Ni[(UO2)(PO4)]2w8(cr),_rdc_Ni[(UO2)(PO4)]2:8H2O(cr),Ni[(UO2)(PO4)]2(H2O)8,phosphate,266.52,266.52,0
Ni3(AsO3)2(s),_rdc_Ni3(AsO3)2:xH2O(s),Ni3(AsO3)2,arsenate,NA,,NA
Ni3(AsO4)2w8(s),_rdc_Ni3(AsO4)2:8H2O(s),Ni3(AsO4)2(H2O)8,arsenate,NA,,NA
NiCO3(cr),_rdc_NiCO3(cr),NiCO3,carbonate,27.05,27.05,(Robie and Hemingway* 1995)
NiCO3w5.5(s),_rdc_NiCO3:5.5H2O(s),NiCO3(H2O)5.5,carbonate,110.76,110.76,(Wallner et al.* 2002)
NiO(cr),_rdc_NiO(cr),NiO,oxide,10.97,10.97,(Robie and Hemingway* 1995)
NiSeO3w2(cr),_rdc_NiSeO3:2H2O(cr),NiSeO3(H2O)2,selenate,65.2,65.2,materialsproject.org
Np(Oxa)2w6(cr),_rdc_Np(Oxa)2:6H2O(cr),Np(Oxa)2(H2O)6,organic,191.61,191.61,(Grigo’ev et al.* 1997)
NpO2(am_hyd),_rdc_NpO2(am_hyd),NpO2,oxide,24.02,24.02,Crystalline* materialsproject.org
(NH4)4NpO2(CO3)3(s),_rdc_(NH4)4NpO2(CO3)3(s),NpO2(NH4)4(CO3)3,carbonate,110.66,110.66,(NH4)[NpO2(CO3)]* (Nevolin et al.* 2022)
NpO2(OH)2w1(cr_hex),_rdc_NpO2(OH)2:H2O(cr_hex),NpO2(OH)2(H2O),hydroxide,231.08,231.08,(Fellhauer et al.* 2022)
NpO2CO3(cr),_rdc_NpO2CO3(cr),NpO2CO3,carbonate,56.44,56.44,Na0.5[NpO2(OH)1.5]·0.5H2O* materials.springer.com
NpO2OH(am),_rdc_NpO2OH(am),NpO2OH,hydroxide,NA,,NA
Pa2O5(act),_rdc_Pa2O5(act),Pa2O5,oxide,50.1,50.1,materials.springer.com
Pb(cr),Pb(cr),Pb,native,18.27,18.27,(Robie and Hemingway* 1995)
Pb[(UO2)(AsO4)]2w10(cr),_rdc_Pb[(UO2)(AsO4)]2:10H2O(cr),Pb[(UO2)(AsO4)]2(H2O)10,arsenate,317.17,317.17,0
Pb[(UO2)(PO4)]2w8(cr),_rdc_Pb[(UO2)(PO4)]2:8H2O(cr),Pb[(UO2)(PO4)]2(H2O)8,phosphate,280.13,280.13,(Ross* 1956)
Pb2(CO3)Cl2(s),_rdc_Pb2(CO3)Cl2(s),Pb2(CO3)Cl2,carbonate-chloride,87.4,87.4,(Roberts et al.* 1990)
Pb2(UO2)(PO4)2w2(cr),_rdc_Parsonite,Pb2(UO2)(PO4)2(H2O)2,phosphate,146.6,146.6,mindat.org
Pb3(PO4)2(s),_rdc_Pb3(PO4)2(s),Pb3(PO4)2,phosphate,109.05,109.05,(Keppler* 1970)
Pb5(PO4)3Cl(s),_rdc_Pb5(PO4)3Cl(s),Pb5(PO4)3Cl,phosphate-chloride,191.03,191.03,(Wyckoff* 1963)
PbB2O4(s),_rdc_PbB2O4(s),PbB2O4,borate,NA,,NA
PbClOH(s),_rdc_PbClOH(s),PbClOH,hydroxide-chloride,42,42,(Roberts et al.* 1990)
PbCO3(s),_rdc_PbCO3(s),PbCO3,carbonate,40.59,40.59,(Robie and Hemingway* 1995)
Crocoite,_rdc_Crocoite,PbCrO4,oxide,52.81,52.81,(Haynes* 2016)
PbHPO4(s),_rdc_PbHPO4(s),PbHPO4,phosphate,53.77,53.77,(Effenberger and Pertlik* 1986).
PbO(s_red),_rdc_PbO(s_red),PbO,oxide,23.67,23.67,(Baldinozzi et al.* 2003) 
PbO(s_yellow),_rdc_PbO(s_yellow),PbO,oxide,23.15,23.15,(Hill* 1985)
PbS(s),_rdc_PbS(s),PbS,sulphide,31.49,31.49,(Robie and Hemingway* 1995)
PbSO4(cr),PbSO4(cr),PbSO4,sulphate,47.95,47.95,(Robie and Hemingway* 1995)
Pd(cr),Pd(cr),Pd,native,8.861,,(Sassani and Shock* 1998)
PdO(cr),PdO(cr),PdO,oxide,14.68,14.68,(Sassani and Shock* 1998)
Po(cr),Po(cr),Po,native,22.73,22.73,(Goode* 1953)
Po(SO4)2w1(s),_rdc_Po(SO4)2:H2O(s),Po(SO4)2(H2O),sulphate,134.58,134.58,Pu(SO4)2(H2O)4* (Wilson* 2011)
PoO2(s),PoO2(s),PoO2,oxide,27.08,27.08,CRC
PoSO4(s),_rdc_PoSO4(s),PoSO4,sulphate,NA,,NA
Pu(HPO4)2(am_hyd),_rdc_Pu(HPO4)2(am_hyd),Pu(HPO4)2,phosphate,NA,,NA
Pu(OH)3(am),_rdc_Pu(OH)3(am),Pu(OH)3,hydroxide,46.56,46.56,Am(OH)3(cr)
Pu(Oxa)2w6(cr),_rdc_Pu(Oxa)2:6H2O(cr),Pu(Oxa)2(H2O)6,organic,202.39,202.39,U(Oxa)2w6(cr)
Pu2(Oxa)3w10(cr),_rdc_Pu2(Oxa)3:10H2O(cr),Pu2(Oxa)3(H2O)10,organic,267.93,267.93,Ac2(C2O4)3·10H2O* (Weigel and Hauske* 1977)
PuO2(am_hyd),_rdc_PuO2(am_hyd),PuO2,oxide,24.01,24.01,(Haynes* 2016)
PuO2(OH)2(am_hyd),_rdc_PuO2(OH)2(am_hyd),PuO2(OH)2,hydroxide,NA,,NA
PuO2CO3(cr),_rdc_PuO2CO3(cr),PuO2CO3,carbonate,56.44,56.44,NpO2CO3(cr)
(PuO2)3(PO4)2w4(am),_rdc_(PuO2)3(PO4)2:4(H2O)(am),(PuO2)3(PO4)2(H2O)4,phosphate,238.42,238.42,(UO2)3(PO4)2:4H2O(cr)
PuO2OH(am),_rdc_PuO2OH(am),PuO2OH,hydroxide,NA,,NA
PuPO4(am_hyd),_rdc_PuPO4(am_hyd),PuPO4,phosphate,89,89,(Popa et al.* 2015)
RaCO3(cr),_rdc_RaCO3(cr),RaCO3,carbonate,46.32,46.32,BaCO3* mindat.org
RaSO4(cr),_rdc_RaSO4(cr),RaSO4,sulphate,55.66,55.66,Ra0.76Ba0.24SO4* (Matyskin et al.* 2017)
S(rhomb),_rdc_S(rhomb),S,native,15.51,15.51,(Robie and Hemingway* 1995)
Se(cr),Se(cr),Se,native,16.42,16.42,(Robie and Hemingway* 1995)
Berthierine_ISGS,Berthierine_ISGS,Si1.332Al0.668(Al0.976Fe1.622Mg0.157)O5(OH)4,silicate-clay,101.16,101.16,(Blanc et al.* 2014)
Ripidolite_Cca-2,Ripidolite_Cca-2,Si2.633Al1.367(Al1.116Fe1.927Mg2.952Mn0.012)(Ca0.011)O10(OH)8,silicate-clay,158.77,158.77,Chlinochlore* mindat.org
SiO2(am),_rdc_Silica(am),SiO2,silicate,27.27,27.27,(Robie and Hemingway* 1995)
SiO2(cr),SiO2(cr),SiO2,silicate,22.69,22.69,(Robie and Hemingway* 1995)
Sm(OH)3(cr),_rdc_Sm(OH)3(cr),Sm(OH)3,hydroxide,38.43,38.43,hexagonal materialsproject.org
Sm2(CO3)3(cr),_rdc_Sm2(CO3)3(cr),Sm2(CO3)3,carbonate,168.07,168.07,La2(CO3)3 ⋅ 5H2O* (Çiftçi et al.* 2022)
SmF3(cr),_rdc_SmF3(cr),SmF3,fluoride,30.76,30.76,Orthorhombic* materialsproject.org
SmOHCO3(cr),_rdc_SmOHCO3(cr),SmOHCO3,hydroxide-carbonate,42.74,42.74,(Michiba et al.* 2011)
SmPO4w0.667(cr),_rdc_Sm-rhabdophane,SmPO4(H2O)0.667,phosphate,53.96,53.96,(Mesbah et al.* 2017)
Sn(beta),Sn(beta),Sn,native,16.29,16.29,(Robie and Hemingway* 1995)
SnO(s),_rdc_SnO(s),SnO,oxide,21.13,21.13,mindat.org
SnO2(cr),_rdc_cassiterite,SnO2,oxide,21.55,21.55,(Robie and Hemingway* 1995)
SnO2(am),_rdc_SnO2(am),SnO2,oxide,28.9,28.9,(Robie and Hemingway* 1995
Sr[(UO2)(AsO4)]2w8(cr),_rdc_Sr[(UO2)(AsO4)]2:8H2O(cr),Sr[(UO2)(AsO4)]2(H2O)8,arsenate,309.45,309.45,(Locock et al.* 2005)
Sr[(UO2)(PO4)]2w6(cr),_rdc_Sr[(UO2)(PO4)]2:6H2O(cr),Sr[(UO2)(PO4)]2(H2O)10,phosphate,283.19,283.19,(Locock et al.* 2005)
Sr3(PO4)2(s),_rdc_Sr3(PO4)2(s),Sr3(PO4)2,phosphate,99.98,99.98,materialsproject.org
SrCO3(cr),_rdc_Strontianite,SrCO3,carbonate,39.01,39.01,(Robie and Hemingway* 1995)
SrCrO4(s),_rdc_SrCrO4(s),SrCrO4,oxide,51.82,51.82,materialsproject.org
SrHPO4(beta),_rdc_SrHPO4(beta),SrHPO4,phosphate,53.23,53.23,materialsproject.org
SrSeO3(cr),_rdc_SrSeO3(cr),SrSeO3,selenate,46.15,46.15,materialsproject.org
SrSO4(cr),_rdc_Celestite,SrSO4,sulphate,46.25,46.25,(Robie and Hemingway* 1995)
TcO2(am_hyd_ag),_rdc_TcO2(am_hyd_ag),TcO2,carbonate,19.27,19.27,Crystalline* materialsproject.org
TcO2(am_hyd_fr),_rdc_TcO2(am_hyd_fr),TcO2,carbonate,19.27,19.27,TcO2(am_hyd_ag)
Th3(PO4)4(s),_rdc_Th3(PO4)4(s),Th3(PO4)4,phosphate,285.41,285.41,(Shankar and Khubchandani* 1957) 
ThF4(cr_hyd),_rdc_ThF4(cr_hyd),ThF4,fluoride,50.01,50.01,materialsproject.org
ThO2(am_hyd_ag),_rdc_ThO2(am_hyd_ag),ThO2,oxide,26.4,26.4,(Robie and Hemingway* 1995)
ThO2(am_hyd_fr),_rdc_ThO2(am_hyd_fr),ThO2,oxide,26.4,26.4,(Robie and Hemingway* 1995)
Ti(alpha),_rdc_Titanium,Ti,native,10.63,10.63,(Robie and Hemingway* 1995)
TiO2(am_hyd),_rdc_TiO2(am_hyd),TiO2,oxide,20.52,20.52,(Robie and Hemingway* 1995)
U(OH)2SO4(cr),_rdc_U(OH)2SO4(cr),U(OH)2SO4,hydroxide-sulphate,71.9,71.9,materials.springer.com
U(Oxa)2w6(cr),_rdc_U(Oxa)2:6H2O(cr),U(Oxa)2(H2O)6,organic,202.39,202.39,(Jenkins et al.* 1965)
UF4w2.5(cr),_rdc_UF4:2.5H2O(cr),UF4(H2O)2.5,fluoride,75.53,75.53,(Christian et al.* 2021)
UO2(am_hyd),_rdc_UO2(am_hyd),UO2,oxide,24.62,24.62,(Robie and Hemingway* 1995)
UO2CO3(cr),_rdc_Rutherfordine,UO2CO3,carbonate,58.08,58.08,mindat.org
UO2HAsO4w4(cr),_rdc_Hydrogen_uranospinite,UO2HAsO4(H2O)4,arsenate,135.78,135.78,Trögerite* mindat.org
UO2HPO4w4(cr),_rdc_Chernikovite,UO2HPO4(H2O)4,phosphate,134.34,134.34,mindat.org
(UO2)2SiO4w2(cr),_rdc_Soddyite,(UO2)2SiO4(H2O)2,silicate,131.27,131.27,mindat.org
(UO2)3(AsO4)2w12(cr),_rdc_Trögerite,(UO2)3(AsO4)2(H2O)12,arsenate,271.69,271.69,mindat.org* materials.springer.com
(UO2)3(PO4)2w4(cr),_rdc_(UO2)3(PO4)2:4H2O(cr),(UO2)3(PO4)2(H2O)4,phosphate,238.42,238.42,(Locock and Burns* 2002)
UO2Oxaw3(cr),_rdc_UO2Oxa:3H2O(cr),UO2Oxa(H2O)3,organic,98.42,98.42,Uroxite* (Kampf et al.* 2020)
UO3w2(cr),_rdc_Metaschoepite,UO3(H2O)2,oxide,39.236,39.236,(Robie and Hemingway* 1995)
USiO4(cr),_rdc_Coffinite,USiO4,silicate,64.73,64.73,mindat.org
Zn(OH)2(s),_rdc_Wülfingite,Zn(OH)2,hydroxide,32.48,32.48,mindat.org
Zn[(UO2)(AsO4)]2w8(cr),_rdc_Zn[(UO2)(AsO4)]2:8H2O(cr),Zn(UO2)(AsO4)(H2O)8,arsenate,256.21,256.21,Metalodèvite* mindat.org
Zn[(UO2)(PO4)]2w8(cr),_rdc_Zn[(UO2)(PO4)]2:8H2O(cr),Zn(UO2)(PO4)(H2O)8,phosphate,267.68,267.68,(Plášil et al.* 2010) 
Zn3(PO4)2w4(s),_rdc_Zn3(PO4)2:4H2O(s),Zn3(PO4)2(H2O)4,phosphate,109.05,109.05,Pb3(PO4)2* (Keppler* 1970)
Zn5(OH)6(CO3)2(s),_rdc_Hydrozincite,Zn5(OH)6(CO3)2,hydroxide-carbonate,139.34,139.34,(Wyckoff* 1963)
ZnB2O4(s),_rdc_ZnB2O4(s),ZnB2O4,borate,41.48,41.48,chemicalbook.com
ZnCO3(s),_rdc_Smithsonite,ZnCO3,carbonate,28.28,28.28,(Robie and Hemingway* 1995)
ZnO(cr),_rdc_Zincite,ZnO,oxide,14.34,14.34,(Robie and Hemingway* 1995)
ZnS(cr),_rdc_Sphalerite,ZnS,sulphide,23.83,23.83,(Robie and Hemingway* 1995)
Zr(HPO4)2w(cr),_rdc_Zr(HPO4)2:H2O(cr),Zr(HPO4)2(H2O),phosphate,146.83,146.83,(Wyckoff* 1963)
Zr(OH)4(am_fr),_rdc_Zr(OH)4(am_fr),Zr(OH)4,hydroxide,49,49,chemicalbook.com
ZrO2(cr),_rdc_Baddeleyite,ZrO2,oxide,21.15,21.15,(Robie and Hemingway* 1995)
CaSO4w0.5(cr),_rdc_CaSO4w0.5(cr),CaSO4(H2O)0.5,sulphate,53.15,53.15,mindat.org
